song1,song2,similarity,Cal_artist,Cal_user,Cal_final
The Cove,Nothing from Nothing,1.060939060939061,0,0,1.060939060939061
The Cove,Entre Dos Aguas,2.0133699633699633,0,0,2.0133699633699633
The Cove,Under Cold Blue Stars,2.638705738705739,0,0,2.638705738705739
Nothing from Nothing,The Cove,1.060939060939061,0,0,1.060939060939061
Nothing from Nothing,Entre Dos Aguas,2.2484686881745706,0,0,2.2484686881745706